-- ------------------------------------------------------------
-- USERS (50)
-- ------------------------------------------------------------
INSERT INTO users (user_id,password,fname,mname,lname,dob,gender,blood_group,email,phone_number,street,city,state,pincode) VALUES
  ('USR000000001','pbkdf2$a65ed389b74d0fb132e706298fadc1a6','Rohan','Kumar','Thakkar','1977-04-08','Other','AB+','rohan.thakkar1@example.com','7181960013','Nehru Nagar 115','Gandhinagar','Gujarat','382010'),
  ('USR000000002','pbkdf2$759cde66bacfb3d00b1f9163ce9ff57f','Raj','Kumar','Pandya','1970-12-14','Other','A-','raj.pandya2@example.com','8235116155','University Road 97','Thane','Maharashtra','400601'),
  ('USR000000003','pbkdf2$35a240ae5af305535ec42e0829a3b2e9','Rahul','Singh','Rathod','1999-06-19','Male','O+','rahul.rathod3@example.com','7103413164','Alkapuri 240','Mumbai','Maharashtra','400001'),
  ('USR000000004','pbkdf2$3602f8ac10f1bc81448aaa9e66b2bc5b','Rajesh','Bhai','Chauhan','2000-03-18','Other','O-','rajesh.chauhan4@example.com','9764835030','Nehru Nagar 168','Pune','Maharashtra','411001'),
  ('USR000000005','pbkdf2$dc713d960c0fd195c17af08a1745d6d8','Nisha','Kant','Bhosale','1969-05-05','Female','A-','nisha.bhosale5@example.com','7884969653','Ring Road 161','Pune','Maharashtra','411001'),
  ('USR000000006','pbkdf2$b8db0672f42d47cc00d4af5974273ca3','Vikram','Nath','Chauhan','1964-07-13','Male','O+','vikram.chauhan6@example.com','7480184514','Law Garden 196','Udaipur','Rajasthan','313001'),
  ('USR000000007','pbkdf2$ce88cb2dd4e80839fc3e058be0f3eab0','Sahil','Bhai','Rathod','1979-11-17','Male','O+','sahil.rathod7@example.com','9528809570','Nehru Nagar 15','Mumbai','Maharashtra','400001'),
  ('USR000000008','pbkdf2$fec21bbe66245bfa4fcca39ab683d2e6','Amit','Bhai','Mehta','1991-02-25','Male','O-','amit.mehta8@example.com','9278248963','SG Highway 231','Bikaner','Rajasthan','334001'),
  ('USR000000009','pbkdf2$839fbc501223b5135496f63cdc1110c1','Manish','Bhai','Rao','1974-02-11','Other','B-','manish.rao9@example.com','7839301031','Gandhi Chowk 172','Ahmedabad','Gujarat','380001'),
  ('USR000000010','pbkdf2$a56c0941fbf24050a748dbcfac619e63','Neha','Ben','Joshi','1996-10-16','Female','A-','neha.joshi10@example.com','8631165667','MG Road 104','Pune','Maharashtra','411001'),
  ('USR000000011','pbkdf2$c0e9ab30ed2662e917e011b7f8102383','Parth','Bhai','Rao','1972-04-18','Other','B-','parth.rao11@example.com','9624731781','Ring Road 105','Udaipur','Rajasthan','313001'),
  ('USR000000012','pbkdf2$0f9aea4b8acd4e10bc594585944528c0','Tanvi','Chandra','Sawant','1963-03-13','Female','O-','tanvi.sawant12@example.com','8474687234','MG Road 13','Ahmedabad','Gujarat','380001'),
  ('USR000000013','pbkdf2$a8499b926b5252e314fcdd549e8fc965','Ankit','Ben','Jain','1970-01-17','Other','O-','ankit.jain13@example.com','9191361939','University Road 67','Vadodara','Gujarat','390001'),
  ('USR000000014','pbkdf2$eeea163e21e8ac6843e42caf8181a8cc','Vikram','Mohan','Jadhav','1975-05-13','Male','O-','vikram.jadhav14@example.com','7475107991','University Road 18','Gandhinagar','Gujarat','382010'),
  ('USR000000015','pbkdf2$35ebd32d9ad620ab48212ddb45b89cd9','Yash','Singh','Sharma','1988-09-23','Male','O-','yash.sharma15@example.com','7808412411','Nehru Nagar 176','Nashik','Maharashtra','422001'),
  ('USR000000016','pbkdf2$e21342b0f1eedba313432e611ca3c448','Raj','Ben','Agarwal','1976-01-03','Other','B+','raj.agarwal16@example.com','8005242786','Law Garden 10','Jodhpur','Rajasthan','342001'),
  ('USR000000017','pbkdf2$dd56cc943c9ad14cee0caeb5ecfedb99','Sonal','Ben','Joshi','1987-03-02','Female','B+','sonal.joshi17@example.com','8053315869','Adajan 208','Nashik','Maharashtra','422001'),
  ('USR000000018','pbkdf2$3170f437a8f7ef5a060edf5b39118497','Nikhil','Kumar','Sharma','1981-07-26','Male','AB+','nikhil.sharma18@example.com','8216073375','Civil Lines 72','Pune','Maharashtra','411001'),
  ('USR000000019','pbkdf2$6fb78271504d281fc9535b63ba81edd9','Dhruv','Singh','Pawar','2001-09-13','Male','A-','dhruv.pawar19@example.com','8014294019','Vasna Road 231','Bikaner','Rajasthan','334001'),
  ('USR000000020','pbkdf2$6703b6365380b904688c7015aab97e49','Harsh','Singh','Shah','1987-01-17','Other','O+','harsh.shah20@example.com','7356159514','Law Garden 33','Bikaner','Rajasthan','334001'),
  ('USR000000021','pbkdf2$82dc4c8e36b5229aacf5e81e71316269','Nikhil','Kant','Sawant','2003-12-06','Male','AB-','nikhil.sawant21@example.com','8804436995','Adajan 231','Nashik','Maharashtra','422001'),
  ('USR000000022','pbkdf2$a1384ddce2d9de5d6a18ce4c74962764','Mihir','Kant','Mehta','1978-09-22','Other','B-','mihir.mehta22@example.com','9343320037','Alkapuri 179','Thane','Maharashtra','400601'),
  ('USR000000023','pbkdf2$87f8424daae65fc176f2dbfecd29a36f','Tanvi','Nath','Rao','1969-11-23','Female','O-','tanvi.rao23@example.com','9632870831','Adajan 229','Ahmedabad','Gujarat','380001'),
  ('USR000000024','pbkdf2$458f1f193c07c57449257af1b6aae05b','Khushi','Mohan','Jain','1987-09-15','Female','O-','khushi.jain24@example.com','7774348734','Civil Lines 229','Bhavnagar','Gujarat','364001'),
  ('USR000000025','pbkdf2$95863a76c51155ffe7a37e8163b4c08b','Aditya','Lal','Joshi','1974-07-23','Other','A+','aditya.joshi25@example.com','7316658760','Gotri Road 226','Gandhinagar','Gujarat','382010'),
  ('USR000000026','pbkdf2$cc530e36addc3e13ab3b4d37560c95ee','Kunal','Raj','Patel','1982-05-25','Other','AB+','kunal.patel26@example.com','8889373467','Alkapuri 43','Jaipur','Rajasthan','302001'),
  ('USR000000027','pbkdf2$610e6a64e1301617c2dff33556666f9f','Sneha','Devi','Trivedi','1961-07-19','Female','O+','sneha.trivedi27@example.com','9627204653','Adajan 244','Ahmedabad','Gujarat','380001'),
  ('USR000000028','pbkdf2$90604f621d48a071ab61a7b1793b4c32','Kavya','Bhai','Agarwal','1961-12-18','Female','B-','kavya.agarwal28@example.com','8310033092','SG Highway 180','Surat','Gujarat','395003'),
  ('USR000000029','pbkdf2$4d3485c5c5c14eb4b27b3d901a16342c','Mansi','Prasad','Sharma','1998-10-24','Female','A-','mansi.sharma29@example.com','9419049663','Adajan 145','Rajkot','Gujarat','360001'),
  ('USR000000030','pbkdf2$a6846099f7294951859131d2bbda0242','Yash','Ben','Kale','2002-06-03','Male','O+','yash.kale30@example.com','7506716572','Satellite Road 207','Ajmer','Rajasthan','305001'),
  ('USR000000031','pbkdf2$2e8d0e87533420e6d9d80b8d7e8adee7','Dhruv','Raj','Bhosale','1987-12-19','Other','AB-','dhruv.bhosale31@example.com','8314737996','Nehru Nagar 91','Nagpur','Maharashtra','440001'),
  ('USR000000032','pbkdf2$6786d50638ba8abc4b5305e517d2582e','Anjali','Singh','Chauhan','1977-09-01','Female','B-','anjali.chauhan32@example.com','9136783777','Gandhi Chowk 170','Ajmer','Rajasthan','305001'),
  ('USR000000033','pbkdf2$7bf47042bd1531c83764fbda3108d448','Yash','Raj','Trivedi','1993-06-14','Other','O+','yash.trivedi33@example.com','8574443135','Alkapuri 151','Bikaner','Rajasthan','334001'),
  ('USR000000034','pbkdf2$7daa39f0c0b6fce2de53790aa34b6cf6','Suresh','Singh','Desai','1972-05-08','Other','A-','suresh.desai34@example.com','9408240084','Gotri Road 4','Aurangabad','Maharashtra','431001'),
  ('USR000000035','pbkdf2$1e52d7703f897142fe716b1415ce6a66','Dev','Raj','Agarwal','1988-06-06','Other','AB+','dev.agarwal35@example.com','8711671902','Satellite Road 153','Surat','Gujarat','395003'),
  ('USR000000036','pbkdf2$2812859a1337739e8d4f5d272c7f0b79','Jay','Ben','Sawant','1988-08-10','Other','A+','jay.sawant36@example.com','8990913341','Vasna Road 116','Jodhpur','Rajasthan','342001'),
  ('USR000000037','pbkdf2$246998e8d39e198b44007d5ae88da719','Suresh','Raj','Deshmukh','1962-04-10','Other','A-','suresh.deshmukh37@example.com','7713493618','MG Road 43','Nashik','Maharashtra','422001'),
  ('USR000000038','pbkdf2$40181c6e9a8cfa3c5283aac7bc0a6a5d','Khushi','Mohan','Modi','1978-08-04','Female','A+','khushi.modi38@example.com','7464887719','Station Road 59','Udaipur','Rajasthan','313001'),
  ('USR000000039','pbkdf2$ab8ddeb45230dfbd5553b2fe6889803e','Amit','Devi','Patel','2003-05-19','Other','A-','amit.patel39@example.com','9787429671','Gotri Road 42','Surat','Gujarat','395003'),
  ('USR000000040','pbkdf2$84b871bb300568d20de051a669ca97d2','Komal','Mohan','Agarwal','1978-11-13','Female','O-','komal.agarwal40@example.com','9715451680','Satellite Road 194','Bikaner','Rajasthan','334001'),
  ('USR000000041','pbkdf2$3985fb6217dc8eff687213f98d605936','Foram','Raj','Pandya','1963-04-09','Female','A-','foram.pandya41@example.com','9477109324','SG Highway 243','Bikaner','Rajasthan','334001'),
  ('USR000000042','pbkdf2$c5ce099c46b8265911df12d7dd30de89','Rajesh','Lal','Agarwal','1978-09-23','Male','AB+','rajesh.agarwal42@example.com','8773782639','Civil Lines 240','Nagpur','Maharashtra','440001'),
  ('USR000000043','pbkdf2$b28f41defb140bc3304b8590de9e3757','Raj','Kumar','Deshmukh','1979-10-19','Other','B-','raj.deshmukh43@example.com','9787558867','Satellite Road 99','Kota','Rajasthan','324001'),
  ('USR000000044','pbkdf2$68f45bce24e75e8eb8f2142303edd1f8','Dhruv','Nath','Shah','1980-12-16','Male','B+','dhruv.shah44@example.com','8270289517','Station Road 121','Jaipur','Rajasthan','302001'),
  ('USR000000045','pbkdf2$1723199dbf2c14a03a3c8a71ff574e2b','Anjali','Devi','Vyas','1985-11-03','Female','AB+','anjali.vyas45@example.com','7865780913','Station Road 195','Thane','Maharashtra','400601'),
  ('USR000000046','pbkdf2$9c07a751143745092cd1586a2b840c67','Arjun','Bhai','Bhosale','1970-12-10','Other','AB+','arjun.bhosale46@example.com','9504556238','Satellite Road 175','Ahmedabad','Gujarat','380001'),
  ('USR000000047','pbkdf2$b0b862ef6c9f82b9f6478986a3917c99','Ankit','Devi','Joshi','1974-08-21','Male','O+','ankit.joshi47@example.com','8407482175','SG Highway 217','Nagpur','Maharashtra','440001'),
  ('USR000000048','pbkdf2$4944051be726be23e776b886d534ee1d','Neha','Nath','Agarwal','1966-04-13','Female','B-','neha.agarwal48@example.com','7440640909','Satellite Road 206','Aurangabad','Maharashtra','431001'),
  ('USR000000049','pbkdf2$2cf6bf756a5e6920bf5ae7e653a3dd5a','Riya','Kant','Gupta','1999-05-22','Female','B-','riya.gupta49@example.com','7104709521','Ring Road 202','Gandhinagar','Gujarat','382010'),
  ('USR000000050','pbkdf2$1fa382e8895ccd9943b38eb403902c5d','Yash','Ben','Jain','1977-03-09','Other','AB-','yash.jain50@example.com','8517123685','Civil Lines 173','Kota','Rajasthan','324001');

-- ------------------------------------------------------------
-- VEHICLES (40)
-- ------------------------------------------------------------
INSERT INTO vehicle (vehicle_id,model_name,vehicle_weight,manufacturer,manufactured_year,registration_type,body_type,fuel_type,odometer_reading,registration_date) VALUES
  ('T10GR7BXRE6W3HJCC','WR-V',1467.82,'Honda',2016,'Transport','Pickup','Petrol',119919,'2016-03-13'),
  ('3K3G83UC0P55S0G0Z','Altroz',1955.07,'Tata',2019,'Transport','MUV','Petrol',56602,'2019-02-22'),
  ('BDYSJPEPPRYKAUKJT','Swift',1859.94,'Maruti Suzuki',2025,'Transport','SUV','Petrol',63372,'2025-06-26'),
  ('BMTDJ3HE7509G59RC','WR-V',1682.48,'Honda',2025,'Transport','MUV','Petrol',29301,'2025-07-14'),
  ('5EFXKEJUX1V694GHP','Carnival',1362.59,'Kia',2018,'Non-transport','MUV','Diesel',25926,'2018-07-14'),
  ('XT0K7EFFF4G0JDYH3','Urban Cruiser',1182.93,'Toyota',2015,'Non-transport','Hatchback','Diesel',134015,'2015-02-19'),
  ('7RGZ0HUR4BUBMUWYZ','Punch',2549.26,'Tata',2017,'Non-transport','SUV','CNG',166982,'2017-03-24'),
  ('FP136YL0WXFDKLDFU','Comet EV',1188.02,'MG',2022,'Electric','Pickup','Electric',72609,'2022-08-14'),
  ('9HZ4HV8WCR2DAPWPJ','Elevate',1032.53,'Honda',2020,'Transport','MUV','Petrol',47057,'2020-12-14'),
  ('R9ZE2C4B6EX423VH2','Harrier',1237.97,'Tata',2017,'Non-transport','Hatchback','CNG',28751,'2017-02-14'),
  ('2F2WYRYLE9H9NZZKS','XUV700',935.64,'Mahindra',2019,'Transport','Pickup','Petrol',172837,'2019-03-25'),
  ('865XXK5E75WUDZ9EW','Comet EV',938.12,'MG',2015,'Electric','SUV','Electric',76255,'2015-06-27'),
  ('F916C5NX79KD5GYF9','Swift',1085.74,'Maruti Suzuki',2018,'Non-transport','MUV','CNG',160856,'2018-09-17'),
  ('0V13YDYEYG1VTKYFK','Glanza',1357.25,'Toyota',2025,'Non-transport','Sedan','CNG',23208,'2025-10-23'),
  ('1YJF490B0WMPY8NRJ','Swift',1478.1,'Maruti Suzuki',2019,'Transport','Hatchback','Petrol',157564,'2019-10-05'),
  ('LML5C30S5V5RSW7N0','Comet EV',2539.28,'MG',2019,'Electric','MUV','Electric',110749,'2019-09-17'),
  ('NJTD70GHVFLU59K4F','Verna',1224.4,'Hyundai',2020,'Non-transport','SUV','Petrol',99031,'2020-07-17'),
  ('F0RBXGYKJCV7J75AF','Harrier',1019.33,'Tata',2018,'Non-transport','SUV','Petrol',79944,'2018-05-08'),
  ('S36EH8B9SKV4AZS3M','XUV300',1496.39,'Mahindra',2020,'Transport','MUV','Petrol',167637,'2020-08-02'),
  ('0TBZEZSGYJCZYM67M','Swift',2394.42,'Maruti Suzuki',2022,'Non-transport','Sedan','Petrol',53289,'2022-01-26'),
  ('XW927TCNVZDYUH042','Comet EV',1461.22,'MG',2020,'Electric','Sedan','Electric',131422,'2020-08-23'),
  ('UF4F4MVXGFXVW54L5','Urban Cruiser',2564.05,'Toyota',2015,'Non-transport','Pickup','CNG',168633,'2015-07-09'),
  ('DE209LBK5CJES001C','Wagon R',1753.03,'Maruti Suzuki',2022,'Non-transport','MUV','Diesel',37095,'2022-02-19'),
  ('2XUSHBM81HTT5PV8N','XUV700',2541.61,'Mahindra',2016,'Transport','MUV','Diesel',179763,'2016-02-26'),
  ('XZEVWLM09RHNJS8B0','Urban Cruiser',1746.25,'Toyota',2023,'Transport','SUV','Petrol',126479,'2023-05-13'),
  ('3EJXE56ZJMJ49DHKW','Baleno',1251.09,'Maruti Suzuki',2020,'Transport','Hatchback','CNG',21672,'2020-09-10'),
  ('UJWF9LKLYCBFCTP3B','ZS EV',1335.38,'MG',2025,'Electric','Hatchback','Electric',107454,'2025-08-08'),
  ('EDL5376PYKXXZ2J09','Thar',974.26,'Mahindra',2018,'Transport','Hatchback','Diesel',37930,'2018-08-08'),
  ('V13SLXXNL8968W8BF','Carnival',1875.53,'Kia',2018,'Non-transport','SUV','Petrol',130733,'2018-01-10'),
  ('7VAG4JT020C2DN0VE','Carnival',2230.82,'Kia',2023,'Transport','Sedan','Diesel',98831,'2023-02-13'),
  ('Y0KN929CCCJY76K9J','Hyryder',1868.7,'Toyota',2020,'Non-transport','Pickup','Petrol',79442,'2020-12-27'),
  ('998W7B0YH3WB7TRD7','Dzire',1830.63,'Maruti Suzuki',2025,'Non-transport','Sedan','CNG',9276,'2025-11-08'),
  ('HNB5X3K3P397DJPX7','Carens',1957.96,'Kia',2017,'Non-transport','Pickup','Diesel',179453,'2017-06-22'),
  ('T7NSUWRWVP8X7ZUVH','Carnival',1423.45,'Kia',2020,'Non-transport','SUV','Petrol',21717,'2020-05-23'),
  ('5T7PNUUJGSSDRRDG3','Urban Cruiser',1975.21,'Toyota',2016,'Transport','SUV','CNG',107668,'2016-09-06'),
  ('77NVXVDFRCM3MC28M','City',1777.94,'Honda',2015,'Transport','Hatchback','Diesel',169116,'2015-05-15'),
  ('8J96UNHYL6TMAYVNM','Carnival',2567.03,'Kia',2023,'Transport','MUV','Diesel',49439,'2023-11-04'),
  ('7XSAT1S5UYWAT0SDH','ZS EV',2042.52,'MG',2017,'Electric','MUV','Electric',82521,'2017-11-17'),
  ('V0RRJ7K6037PSF50E','Scorpio-N',1390.61,'Mahindra',2023,'Transport','Pickup','CNG',44132,'2023-09-05'),
  ('5HP8F95D6J936D6WB','Carens',1420.15,'Kia',2015,'Transport','Pickup','CNG',112069,'2015-02-02');

-- ------------------------------------------------------------
-- RTO OFFICES (15)
-- ------------------------------------------------------------
INSERT INTO rto (rto_code,rto_name,city,district,state,pincode) VALUES
  ('GJ-01','Ahmedabad RTO','Ahmedabad','Ahmedabad','Gujarat','380001'),
  ('GJ-05','Surat RTO','Surat','Surat','Gujarat','395003'),
  ('GJ-06','Vadodara RTO','Vadodara','Vadodara','Gujarat','390001'),
  ('GJ-03','Rajkot RTO','Rajkot','Rajkot','Gujarat','360001'),
  ('GJ-18','Gandhinagar RTO','Gandhinagar','Gandhinagar','Gujarat','382010'),
  ('MH-01','Mumbai Central RTO','Mumbai','Mumbai City','Maharashtra','400001'),
  ('MH-12','Pune RTO','Pune','Pune','Maharashtra','411001'),
  ('MH-31','Nagpur RTO','Nagpur','Nagpur','Maharashtra','440001'),
  ('MH-15','Nashik RTO','Nashik','Nashik','Maharashtra','422001'),
  ('MH-04','Thane RTO','Thane','Thane','Maharashtra','400601'),
  ('RJ-14','Jaipur RTO','Jaipur','Jaipur','Rajasthan','302001'),
  ('RJ-19','Jodhpur RTO','Jodhpur','Jodhpur','Rajasthan','342001'),
  ('RJ-27','Udaipur RTO','Udaipur','Udaipur','Rajasthan','313001'),
  ('RJ-20','Kota RTO','Kota','Kota','Rajasthan','324001'),
  ('RJ-01','Ajmer RTO','Ajmer','Ajmer','Rajasthan','305001');

-- ------------------------------------------------------------
-- OFFICERS (30)
-- ------------------------------------------------------------
INSERT INTO officer (officer_id,name,rto_code) VALUES
  (1,'Karan Trivedi','GJ-01'),
  (2,'Karan Agarwal','GJ-01'),
  (3,'Amit Kale','GJ-06'),
  (4,'Mansi Joshi','RJ-27'),
  (5,'Heena Thakkar','RJ-14'),
  (6,'Diya Pawar','RJ-01'),
  (7,'Dhruv Bhosale','RJ-20'),
  (8,'Dhruv Sawant','GJ-05'),
  (9,'Sonal Solanki','RJ-20'),
  (10,'Megha Joshi','RJ-14'),
  (11,'Arjun Desai','GJ-06'),
  (12,'Megha Sawant','MH-15'),
  (13,'Raj Thakkar','GJ-03'),
  (14,'Aarav Pandya','GJ-01'),
  (15,'Suresh Bhosale','RJ-14'),
  (16,'Hetal Trivedi','MH-12'),
  (17,'Megha Sawant','RJ-20'),
  (18,'Manish Rao','MH-31'),
  (19,'Arjun Joshi','GJ-18'),
  (20,'Kunal Thakkar','RJ-27'),
  (21,'Jay Shah','RJ-27'),
  (22,'Bhavna Kale','MH-04'),
  (23,'Mansi Patel','GJ-03'),
  (24,'Nikhil Mehta','GJ-05'),
  (25,'Komal Shah','MH-31'),
  (26,'Komal Solanki','RJ-19'),
  (27,'Rohan Rao','RJ-19'),
  (28,'Aditya Sawant','MH-31'),
  (29,'Manish Trivedi','GJ-03'),
  (30,'Janvi Pandya','GJ-01');

-- ------------------------------------------------------------
-- E-WALLETS (50, one per user)
-- ------------------------------------------------------------
INSERT INTO e_wallet (wallet_id,user_id,balance,status) VALUES
  (1,'USR000000001',3675.36,'Blocked'),
  (2,'USR000000002',6007.21,'Closed'),
  (3,'USR000000003',14487.54,'Active'),
  (4,'USR000000004',19358.95,'Active'),
  (5,'USR000000005',6075.22,'Active'),
  (6,'USR000000006',24645.25,'Active'),
  (7,'USR000000007',10456.29,'Active'),
  (8,'USR000000008',14006.61,'Active'),
  (9,'USR000000009',18433.26,'Active'),
  (10,'USR000000010',17033.0,'Active'),
  (11,'USR000000011',1362.73,'Active'),
  (12,'USR000000012',16154.24,'Active'),
  (13,'USR000000013',13206.68,'Active'),
  (14,'USR000000014',10324.83,'Active'),
  (15,'USR000000015',4760.2,'Active'),
  (16,'USR000000016',6176.01,'Active'),
  (17,'USR000000017',21467.02,'Active'),
  (18,'USR000000018',11683.02,'Active'),
  (19,'USR000000019',10434.4,'Active'),
  (20,'USR000000020',13343.8,'Active'),
  (21,'USR000000021',6523.89,'Active'),
  (22,'USR000000022',2160.95,'Active'),
  (23,'USR000000023',9402.72,'Active'),
  (24,'USR000000024',20769.28,'Active'),
  (25,'USR000000025',9553.77,'Active'),
  (26,'USR000000026',1180.78,'Active'),
  (27,'USR000000027',20155.34,'Active'),
  (28,'USR000000028',16851.97,'Active'),
  (29,'USR000000029',5380.45,'Closed'),
  (30,'USR000000030',7719.06,'Closed'),
  (31,'USR000000031',5452.83,'Active'),
  (32,'USR000000032',18588.59,'Active'),
  (33,'USR000000033',18907.4,'Closed'),
  (34,'USR000000034',17451.53,'Active'),
  (35,'USR000000035',10036.48,'Active'),
  (36,'USR000000036',8176.05,'Active'),
  (37,'USR000000037',11763.01,'Active'),
  (38,'USR000000038',7848.87,'Active'),
  (39,'USR000000039',22093.74,'Active'),
  (40,'USR000000040',20109.85,'Active'),
  (41,'USR000000041',19088.4,'Active'),
  (42,'USR000000042',5237.56,'Active'),
  (43,'USR000000043',1333.74,'Active'),
  (44,'USR000000044',18583.06,'Active'),
  (45,'USR000000045',13922.13,'Active'),
  (46,'USR000000046',18056.3,'Active'),
  (47,'USR000000047',5065.56,'Active'),
  (48,'USR000000048',14330.78,'Active'),
  (49,'USR000000049',13855.93,'Blocked'),
  (50,'USR000000050',8571.59,'Active');

-- ------------------------------------------------------------
-- WALLET TRANSACTIONS (100)
-- ------------------------------------------------------------
INSERT INTO wallet_transaction (transaction_id,from_wallet_id,amount,purpose,tran_datetime,status,to_wallet_id) VALUES
  (1,32,3000,'challan','2025-03-24 11:10:00','Success',NULL),
  (2,9,3000,'challan','2024-09-21 01:33:00','Success',NULL),
  (3,3,300,'challan','2026-01-25 00:26:00','Success',NULL),
  (4,9,1000,'challan','2024-12-05 00:13:00','Success',NULL),
  (5,33,3000,'challan','2025-01-20 20:42:00','Success',NULL),
  (6,40,3000,'challan','2026-08-01 00:34:00','Success',NULL),
  (7,36,2500,'challan','2024-01-17 23:17:00','Success',NULL),
  (8,35,1500,'challan','2024-09-27 22:43:00','Success',NULL),
  (9,28,500,'challan','2024-02-17 04:15:00','Success',NULL),
  (10,13,1500,'challan','2025-05-26 12:05:00','Success',NULL),
  (11,24,2500,'challan','2025-10-08 22:14:00','Success',NULL),
  (12,20,300,'challan','2026-11-25 01:05:00','Success',NULL),
  (13,26,2500,'challan','2025-09-16 01:40:00','Success',NULL),
  (14,1,500,'challan','2024-08-28 13:41:00','Success',NULL),
  (15,22,300,'challan','2026-01-08 06:57:00','Success',NULL),
  (16,45,3000,'challan','2025-01-03 21:59:00','Success',NULL),
  (17,18,200,'challan','2024-06-01 06:37:00','Success',NULL),
  (18,10,2500,'challan','2024-05-06 18:15:00','Success',NULL),
  (19,37,2500,'challan','2026-09-11 12:48:00','Success',NULL),
  (20,48,500,'challan','2026-12-03 16:47:00','Success',NULL),
  (21,23,200,'challan','2024-07-08 02:21:00','Success',NULL),
  (22,39,2500,'challan','2025-01-21 08:50:00','Success',NULL),
  (23,29,3000,'challan','2024-06-18 12:27:00','Success',NULL),
  (24,12,2500,'challan','2024-10-10 07:45:00','Success',NULL),
  (25,5,300,'challan','2025-03-13 22:50:00','Success',NULL),
  (26,41,500,'challan','2026-07-11 11:06:00','Success',NULL),
  (27,6,200,'challan','2025-08-12 08:06:00','Success',NULL),
  (28,9,300,'challan','2024-07-15 17:35:00','Success',NULL),
  (29,33,2500,'challan','2024-01-03 11:35:00','Success',NULL),
  (30,6,2000,'challan','2025-01-10 13:24:00','Success',NULL),
  (31,50,300,'challan','2026-09-08 18:33:00','Success',NULL),
  (32,11,2500,'challan','2024-03-09 09:17:00','Success',NULL),
  (33,32,500,'challan','2024-03-14 08:26:00','Success',NULL),
  (34,20,3000,'challan','2024-06-09 07:46:00','Success',NULL),
  (35,41,3000,'challan','2026-10-07 14:06:00','Success',NULL),
  (36,9,1500,'challan','2024-07-11 19:24:00','Success',NULL),
  (37,22,3000,'challan','2025-07-27 20:38:00','Success',NULL),
  (38,9,1500,'challan','2025-10-23 06:30:00','Success',NULL),
  (39,21,500,'challan','2025-06-10 23:44:00','Success',NULL),
  (40,41,3000,'challan','2026-04-11 12:17:00','Success',NULL),
  (41,26,2000,'challan','2024-10-07 18:34:00','Success',NULL),
  (42,12,200,'challan','2026-08-23 06:28:00','Success',NULL),
  (43,19,300,'challan','2025-11-16 04:40:00','Success',NULL),
  (44,20,1000,'challan','2025-11-05 22:27:00','Success',NULL),
  (45,25,300,'challan','2025-10-16 18:25:00','Success',NULL),
  (46,45,1676.57,'refund','2025-12-26 17:38:00','Success',27),
  (47,7,2007.04,'refund','2025-03-21 19:02:00','Pending',17),
  (48,44,1258.89,'refund','2025-07-04 00:06:00','Pending',42),
  (49,48,2315.79,'fuel','2026-12-19 07:28:00','Success',NULL),
  (50,50,2878.44,'fuel','2026-09-05 11:01:00','Success',NULL),
  (51,27,3721.92,'fuel','2024-02-27 23:09:00','Success',NULL),
  (52,30,3244.94,'fuel','2026-08-12 15:06:00','Success',NULL),
  (53,29,1616.18,'fuel','2025-01-26 22:07:00','Success',NULL),
  (54,42,35,'toll','2026-03-24 07:33:00','Failed',NULL),
  (55,22,120,'toll','2025-08-08 12:40:00','Success',NULL),
  (56,43,90,'toll','2025-01-24 19:56:00','Success',NULL),
  (57,28,90,'toll','2024-12-07 06:17:00','Success',NULL),
  (58,5,395.08,'refund','2026-03-12 10:12:00','Failed',38),
  (59,43,3519.23,'fuel','2026-11-11 19:24:00','Success',NULL),
  (60,8,1120.76,'refund','2025-10-06 21:45:00','Success',24),
  (61,38,796.63,'fuel','2024-06-04 07:19:00','Pending',NULL),
  (62,45,50,'toll','2026-07-14 19:08:00','Success',NULL),
  (63,12,1942.95,'refund','2026-11-06 17:10:00','Success',33),
  (64,12,1601.03,'fuel','2025-10-02 11:00:00','Success',NULL),
  (65,25,3873.4,'fuel','2026-11-16 13:43:00','Success',NULL),
  (66,29,2210.45,'fuel','2024-10-01 07:18:00','Success',NULL),
  (67,35,75,'toll','2024-08-19 23:49:00','Success',NULL),
  (68,8,2504.5,'fuel','2025-09-27 11:34:00','Success',NULL),
  (69,29,120,'toll','2024-07-04 23:53:00','Success',NULL),
  (70,20,1404.22,'refund','2025-02-15 03:49:00','Success',3),
  (71,48,120,'toll','2026-06-28 22:39:00','Success',NULL),
  (72,40,2376.06,'refund','2024-01-19 11:34:00','Success',9),
  (73,11,1632.79,'fuel','2026-05-10 18:17:00','Success',NULL),
  (74,44,493.21,'refund','2025-01-09 20:08:00','Pending',7),
  (75,16,2163.05,'refund','2024-11-13 15:09:00','Failed',10),
  (76,41,1188.0,'refund','2024-11-26 02:25:00','Success',27),
  (77,45,1418.62,'refund','2025-06-19 00:55:00','Success',24),
  (78,30,2026.02,'refund','2025-02-26 17:25:00','Success',42),
  (79,14,90,'toll','2025-06-27 09:21:00','Pending',NULL),
  (80,37,2386.08,'refund','2026-01-02 03:40:00','Success',32),
  (81,11,2044.5,'fuel','2024-07-07 22:58:00','Success',NULL),
  (82,20,50,'toll','2025-02-21 11:16:00','Failed',NULL),
  (83,42,50,'toll','2024-07-21 09:46:00','Success',NULL),
  (84,28,364.48,'refund','2024-01-07 15:04:00','Success',43),
  (85,34,165,'toll','2025-01-01 22:21:00','Success',NULL),
  (86,28,165,'toll','2024-08-03 07:24:00','Pending',NULL),
  (87,7,35,'toll','2025-06-10 04:24:00','Success',NULL),
  (88,44,50,'toll','2024-09-19 00:39:00','Success',NULL),
  (89,23,717.86,'refund','2026-03-14 19:43:00','Success',48),
  (90,6,3638.08,'fuel','2024-02-19 23:24:00','Failed',NULL),
  (91,21,3268.77,'fuel','2024-05-21 02:15:00','Pending',NULL),
  (92,47,926.27,'refund','2026-01-28 21:56:00','Success',39),
  (93,39,2283.33,'fuel','2026-07-10 20:03:00','Success',NULL),
  (94,8,50,'toll','2025-11-20 02:33:00','Success',NULL),
  (95,21,50,'toll','2025-10-14 11:34:00','Pending',NULL),
  (96,31,148.4,'refund','2024-01-09 06:02:00','Success',5),
  (97,26,120,'toll','2025-11-23 16:49:00','Pending',NULL),
  (98,26,788.5,'fuel','2026-09-20 04:17:00','Success',NULL),
  (99,33,50,'toll','2024-09-11 12:37:00','Success',NULL),
  (100,42,1965.15,'refund','2025-12-14 23:54:00','Success',45);

-- ------------------------------------------------------------
-- OWNERSHIP (50): 40 current + 10 historical
-- ------------------------------------------------------------
INSERT INTO ownership (ownership_id,vehicle_id,owner_id,from_date,to_date) VALUES
  (1,'T10GR7BXRE6W3HJCC','USR000000048','2021-02-01',NULL),
  (2,'3K3G83UC0P55S0G0Z','USR000000046','2021-12-01',NULL),
  (3,'BDYSJPEPPRYKAUKJT','USR000000011','2023-06-17',NULL),
  (4,'BMTDJ3HE7509G59RC','USR000000047','2018-03-12','2020-12-25'),
  (5,'BMTDJ3HE7509G59RC','USR000000034','2021-01-25',NULL),
  (6,'5EFXKEJUX1V694GHP','USR000000018','2020-01-11',NULL),
  (7,'XT0K7EFFF4G0JDYH3','USR000000018','2016-05-23','2022-11-03'),
  (8,'XT0K7EFFF4G0JDYH3','USR000000028','2022-12-03',NULL),
  (9,'7RGZ0HUR4BUBMUWYZ','USR000000032','2023-09-12',NULL),
  (10,'FP136YL0WXFDKLDFU','USR000000032','2017-06-06','2021-02-19'),
  (11,'FP136YL0WXFDKLDFU','USR000000004','2021-03-19',NULL),
  (12,'9HZ4HV8WCR2DAPWPJ','USR000000044','2020-04-24',NULL),
  (13,'R9ZE2C4B6EX423VH2','USR000000033','2020-01-28',NULL),
  (14,'2F2WYRYLE9H9NZZKS','USR000000001','2021-01-16',NULL),
  (15,'865XXK5E75WUDZ9EW','USR000000024','2023-03-06',NULL),
  (16,'F916C5NX79KD5GYF9','USR000000003','2024-12-24',NULL),
  (17,'0V13YDYEYG1VTKYFK','USR000000042','2023-04-11',NULL),
  (18,'1YJF490B0WMPY8NRJ','USR000000016','2023-12-11',NULL),
  (19,'LML5C30S5V5RSW7N0','USR000000005','2018-02-17','2022-01-06'),
  (20,'LML5C30S5V5RSW7N0','USR000000018','2022-02-06',NULL),
  (21,'NJTD70GHVFLU59K4F','USR000000015','2024-01-13',NULL),
  (22,'F0RBXGYKJCV7J75AF','USR000000005','2023-05-25',NULL),
  (23,'S36EH8B9SKV4AZS3M','USR000000020','2022-02-18',NULL),
  (24,'0TBZEZSGYJCZYM67M','USR000000001','2018-04-10','2022-05-24'),
  (25,'0TBZEZSGYJCZYM67M','USR000000030','2022-06-24',NULL),
  (26,'XW927TCNVZDYUH042','USR000000040','2021-08-12',NULL),
  (27,'UF4F4MVXGFXVW54L5','USR000000032','2017-12-18','2020-03-01'),
  (28,'UF4F4MVXGFXVW54L5','USR000000038','2020-04-01',NULL),
  (29,'DE209LBK5CJES001C','USR000000027','2020-04-18',NULL),
  (30,'2XUSHBM81HTT5PV8N','USR000000023','2020-06-01',NULL),
  (31,'XZEVWLM09RHNJS8B0','USR000000049','2023-12-24',NULL),
  (32,'3EJXE56ZJMJ49DHKW','USR000000020','2020-04-17',NULL),
  (33,'UJWF9LKLYCBFCTP3B','USR000000016','2023-08-02',NULL),
  (34,'EDL5376PYKXXZ2J09','USR000000046','2018-02-02','2020-09-14'),
  (35,'EDL5376PYKXXZ2J09','USR000000010','2020-10-14',NULL),
  (36,'V13SLXXNL8968W8BF','USR000000045','2022-08-24',NULL),
  (37,'7VAG4JT020C2DN0VE','USR000000038','2016-09-05','2022-07-03'),
  (38,'7VAG4JT020C2DN0VE','USR000000006','2022-08-03',NULL),
  (39,'Y0KN929CCCJY76K9J','USR000000038','2024-01-14',NULL),
  (40,'998W7B0YH3WB7TRD7','USR000000043','2021-04-10',NULL),
  (41,'HNB5X3K3P397DJPX7','USR000000017','2022-07-23',NULL),
  (42,'T7NSUWRWVP8X7ZUVH','USR000000048','2022-06-15',NULL),
  (43,'5T7PNUUJGSSDRRDG3','USR000000018','2021-02-07',NULL),
  (44,'77NVXVDFRCM3MC28M','USR000000009','2024-02-05',NULL),
  (45,'8J96UNHYL6TMAYVNM','USR000000007','2021-08-15',NULL),
  (46,'7XSAT1S5UYWAT0SDH','USR000000021','2023-02-18',NULL),
  (47,'V0RRJ7K6037PSF50E','USR000000050','2017-08-10','2021-05-28'),
  (48,'V0RRJ7K6037PSF50E','USR000000023','2021-06-28',NULL),
  (49,'5HP8F95D6J936D6WB','USR000000006','2017-11-10','2022-12-20'),
  (50,'5HP8F95D6J936D6WB','USR000000008','2023-01-20',NULL);

-- ------------------------------------------------------------
-- INSURANCE (40, one per vehicle)
-- ------------------------------------------------------------
INSERT INTO insurance (policy_id,vehicle_id,issue_date,expiry_date,coverage_amount,insurance_type,premium_amount,number_of_claims,insurance_company) VALUES
  ('POL0001568044','T10GR7BXRE6W3HJCC','2023-04-27','2024-04-27',750000,'Third-party',6827.6,0,'Bajaj Allianz'),
  ('POL0002712100','3K3G83UC0P55S0G0Z','2023-07-28','2024-07-28',1000000,'Own-damage',27190.43,0,'TATA AIG'),
  ('POL0003199410','BDYSJPEPPRYKAUKJT','2023-04-27','2024-04-27',1000000,'Comprehensive',25274.84,2,'HDFC ERGO'),
  ('POL0004510702','BMTDJ3HE7509G59RC','2023-11-15','2024-11-15',500000,'Third-party',32057.42,1,'SBI General'),
  ('POL0005324472','5EFXKEJUX1V694GHP','2025-07-16','2026-07-16',300000,'Comprehensive',25179.6,0,'ICICI Lombard'),
  ('POL0006870146','XT0K7EFFF4G0JDYH3','2025-10-20','2026-10-20',500000,'Own-damage',13148.26,0,'Bajaj Allianz'),
  ('POL0007065787','7RGZ0HUR4BUBMUWYZ','2024-04-21','2025-04-21',1500000,'Third-party',23553.39,1,'Reliance General'),
  ('POL0008304078','FP136YL0WXFDKLDFU','2025-09-11','2026-09-11',1000000,'Comprehensive',9574.29,0,'Reliance General'),
  ('POL0009039652','9HZ4HV8WCR2DAPWPJ','2025-04-06','2026-04-06',300000,'Third-party',24362.8,0,'Bajaj Allianz'),
  ('POL0010992937','R9ZE2C4B6EX423VH2','2023-10-11','2024-10-11',750000,'Own-damage',4874.4,1,'New India Assurance'),
  ('POL0011870593','2F2WYRYLE9H9NZZKS','2023-08-02','2024-08-02',300000,'Third-party',11211.32,0,'Bajaj Allianz'),
  ('POL0012218515','865XXK5E75WUDZ9EW','2024-12-06','2025-12-06',750000,'Third-party',4679.3,0,'SBI General'),
  ('POL0013675289','F916C5NX79KD5GYF9','2025-02-11','2026-02-11',750000,'Comprehensive',8230.0,0,'Reliance General'),
  ('POL0014220969','0V13YDYEYG1VTKYFK','2023-11-19','2024-11-19',500000,'Comprehensive',13511.52,0,'ICICI Lombard'),
  ('POL0015725135','1YJF490B0WMPY8NRJ','2023-10-11','2024-10-11',1500000,'Third-party',23829.05,0,'Reliance General'),
  ('POL0016154100','LML5C30S5V5RSW7N0','2023-11-03','2024-11-03',750000,'Comprehensive',4353.26,0,'SBI General'),
  ('POL0017861793','NJTD70GHVFLU59K4F','2024-12-14','2025-12-14',500000,'Comprehensive',19285.54,0,'Bajaj Allianz'),
  ('POL0018115262','F0RBXGYKJCV7J75AF','2024-02-26','2025-02-26',300000,'Comprehensive',4622.42,0,'HDFC ERGO'),
  ('POL0019629620','S36EH8B9SKV4AZS3M','2025-02-11','2026-02-11',1500000,'Own-damage',31690.01,1,'HDFC ERGO'),
  ('POL0020844431','0TBZEZSGYJCZYM67M','2024-04-07','2025-04-07',1000000,'Own-damage',21177.49,2,'ICICI Lombard'),
  ('POL0021149731','XW927TCNVZDYUH042','2024-10-18','2025-10-18',1000000,'Third-party',5689.65,0,'ICICI Lombard'),
  ('POL0022677418','UF4F4MVXGFXVW54L5','2023-03-21','2024-03-21',750000,'Third-party',18680.69,0,'SBI General'),
  ('POL0023743490','DE209LBK5CJES001C','2023-06-13','2024-06-13',750000,'Third-party',17819.03,0,'Bajaj Allianz'),
  ('POL0024938068','2XUSHBM81HTT5PV8N','2025-11-04','2026-11-04',300000,'Own-damage',14657.53,0,'SBI General'),
  ('POL0025160898','XZEVWLM09RHNJS8B0','2025-11-28','2026-11-28',1000000,'Own-damage',31331.27,0,'Bajaj Allianz'),
  ('POL0026616329','3EJXE56ZJMJ49DHKW','2023-08-06','2024-08-06',500000,'Third-party',29062.28,0,'New India Assurance'),
  ('POL0027548709','UJWF9LKLYCBFCTP3B','2024-12-26','2025-12-26',300000,'Third-party',16031.07,0,'SBI General'),
  ('POL0028119148','EDL5376PYKXXZ2J09','2023-07-05','2024-07-05',500000,'Own-damage',22225.96,1,'Reliance General'),
  ('POL0029462996','V13SLXXNL8968W8BF','2024-05-13','2025-05-13',1000000,'Own-damage',22877.83,0,'ICICI Lombard'),
  ('POL0030505444','7VAG4JT020C2DN0VE','2024-06-23','2025-06-23',500000,'Third-party',27118.24,2,'Digit Insurance'),
  ('POL0031546913','Y0KN929CCCJY76K9J','2025-11-04','2026-11-04',500000,'Third-party',13314.89,1,'Digit Insurance'),
  ('POL0032821486','998W7B0YH3WB7TRD7','2023-07-24','2024-07-24',1000000,'Own-damage',30882.86,1,'Bajaj Allianz'),
  ('POL0033030705','HNB5X3K3P397DJPX7','2025-10-01','2026-10-01',500000,'Third-party',31130.6,0,'TATA AIG'),
  ('POL0034035797','T7NSUWRWVP8X7ZUVH','2024-06-27','2025-06-27',1000000,'Own-damage',16305.21,2,'Bajaj Allianz'),
  ('POL0035140602','5T7PNUUJGSSDRRDG3','2024-10-18','2025-10-18',750000,'Comprehensive',9068.92,2,'TATA AIG'),
  ('POL0036072290','77NVXVDFRCM3MC28M','2023-11-08','2024-11-08',500000,'Comprehensive',24199.21,0,'TATA AIG'),
  ('POL0037665743','8J96UNHYL6TMAYVNM','2024-10-26','2025-10-26',750000,'Own-damage',33977.76,0,'Digit Insurance'),
  ('POL0038589944','7XSAT1S5UYWAT0SDH','2024-11-17','2025-11-17',1500000,'Comprehensive',22119.1,0,'HDFC ERGO'),
  ('POL0039432830','V0RRJ7K6037PSF50E','2024-02-11','2025-02-11',750000,'Own-damage',14079.25,0,'SBI General'),
  ('POL0040446660','5HP8F95D6J936D6WB','2025-06-22','2026-06-22',500000,'Own-damage',4789.11,0,'TATA AIG');

-- ------------------------------------------------------------
-- RC BOOK (40, one per vehicle)
-- ------------------------------------------------------------
INSERT INTO rc_book (registration_no,vehicle_id,plate_number,chassis_no,engine_no,color) VALUES
  ('RCGJ01000001','T10GR7BXRE6W3HJCC','GJ01 FD 1000','MA601946909215549','EN861734995189','Maroon'),
  ('RCGJ05000002','3K3G83UC0P55S0G0Z','GJ05 FE 1001','MA191387373757789','EN725165021438','Grey'),
  ('RCGJ06000003','BDYSJPEPPRYKAUKJT','GJ06 EB 1002','MA144050930129021','EN286650063966','Grey'),
  ('RCGJ03000004','BMTDJ3HE7509G59RC','GJ03 FB 1003','MA400012733684519','EN817002972378','Red'),
  ('RCGJ18000005','5EFXKEJUX1V694GHP','GJ18 GF 1004','MA293365042549862','EN324637554196','Maroon'),
  ('RCMH01000006','XT0K7EFFF4G0JDYH3','MH01 BH 1005','MA975468907840986','EN642674840367','Silver'),
  ('RCMH12000007','7RGZ0HUR4BUBMUWYZ','MH12 HD 1006','MA134902777334025','EN751050183995','Brown'),
  ('RCMH31000008','FP136YL0WXFDKLDFU','MH31 EG 1007','MA980485431296344','EN166877689129','Grey'),
  ('RCMH15000009','9HZ4HV8WCR2DAPWPJ','MH15 DF 1008','MA161256512382670','EN946251661721','Grey'),
  ('RCMH04000010','R9ZE2C4B6EX423VH2','MH04 BH 1009','MA710479213704199','EN197511116465','Blue'),
  ('RCRJ14000011','2F2WYRYLE9H9NZZKS','RJ14 AA 1010','MA307963981578924','EN834122945843','Grey'),
  ('RCRJ19000012','865XXK5E75WUDZ9EW','RJ19 CH 1011','MA859705501258986','EN097838291810','Grey'),
  ('RCRJ27000013','F916C5NX79KD5GYF9','RJ27 GG 1012','MA483039524473758','EN528132061606','Brown'),
  ('RCRJ20000014','0V13YDYEYG1VTKYFK','RJ20 AA 1013','MA224521707977229','EN411160049945','White'),
  ('RCRJ01000015','1YJF490B0WMPY8NRJ','RJ01 FD 1014','MA761948750096058','EN687212479077','Black'),
  ('RCGJ01000016','LML5C30S5V5RSW7N0','GJ01 DF 1015','MA145162645096261','EN421347923462','Red'),
  ('RCGJ05000017','NJTD70GHVFLU59K4F','GJ05 CB 1016','MA051474426457579','EN499465302207','Blue'),
  ('RCGJ06000018','F0RBXGYKJCV7J75AF','GJ06 GC 1017','MA551894284047952','EN826176691617','Black'),
  ('RCGJ03000019','S36EH8B9SKV4AZS3M','GJ03 CG 1018','MA257174133890005','EN799827369979','Grey'),
  ('RCGJ18000020','0TBZEZSGYJCZYM67M','GJ18 DA 1019','MA568166576430089','EN133869770134','Blue'),
  ('RCMH01000021','XW927TCNVZDYUH042','MH01 AG 1020','MA720939795165765','EN847207163444','White'),
  ('RCMH12000022','UF4F4MVXGFXVW54L5','MH12 AB 1021','MA941386623890702','EN051624397822','Silver'),
  ('RCMH31000023','DE209LBK5CJES001C','MH31 GH 1022','MA139154278600584','EN277228466887','Maroon'),
  ('RCMH15000024','2XUSHBM81HTT5PV8N','MH15 CD 1023','MA772074896890585','EN011297101210','Red'),
  ('RCMH04000025','XZEVWLM09RHNJS8B0','MH04 GB 1024','MA585814909680607','EN684059343102','Grey'),
  ('RCRJ14000026','3EJXE56ZJMJ49DHKW','RJ14 GB 1025','MA809259935152225','EN131502011423','Red'),
  ('RCRJ19000027','UJWF9LKLYCBFCTP3B','RJ19 BB 1026','MA223658264744902','EN221658974956','Red'),
  ('RCRJ27000028','EDL5376PYKXXZ2J09','RJ27 DF 1027','MA461346933337674','EN177362182900','White'),
  ('RCRJ20000029','V13SLXXNL8968W8BF','RJ20 HD 1028','MA372225405143769','EN001007192464','White'),
  ('RCRJ01000030','7VAG4JT020C2DN0VE','RJ01 BB 1029','MA646439115015785','EN544039306616','Grey'),
  ('RCGJ01000031','Y0KN929CCCJY76K9J','GJ01 BB 1030','MA814676799354636','EN992572484667','Red'),
  ('RCGJ05000032','998W7B0YH3WB7TRD7','GJ05 DH 1031','MA297376217046038','EN053533663636','Silver'),
  ('RCGJ06000033','HNB5X3K3P397DJPX7','GJ06 CA 1032','MA327151319316562','EN882015405881','Blue'),
  ('RCGJ03000034','T7NSUWRWVP8X7ZUVH','GJ03 GB 1033','MA958418065150415','EN978214037573','White'),
  ('RCGJ18000035','5T7PNUUJGSSDRRDG3','GJ18 AC 1034','MA728682705560206','EN361509597528','Blue'),
  ('RCMH01000036','77NVXVDFRCM3MC28M','MH01 HE 1035','MA825363343328718','EN408421115997','Blue'),
  ('RCMH12000037','8J96UNHYL6TMAYVNM','MH12 CB 1036','MA450642574924533','EN502349296008','Red'),
  ('RCMH31000038','7XSAT1S5UYWAT0SDH','MH31 GH 1037','MA474837839917037','EN973449383310','Grey'),
  ('RCMH15000039','V0RRJ7K6037PSF50E','MH15 BC 1038','MA817867842400342','EN931760800806','Grey'),
  ('RCMH04000040','5HP8F95D6J936D6WB','MH04 BG 1039','MA665126844114976','EN882541368367','Maroon');

-- ------------------------------------------------------------
-- PUC CERTIFICATES (40, one per vehicle)
-- ------------------------------------------------------------
INSERT INTO puc (certificate_number,vehicle_id,date_of_test,valid_until,centre_code) VALUES
  ('PUCC0000015902','T10GR7BXRE6W3HJCC','2024-05-13','2024-11-13','PUCGJ01001'),
  ('PUCC0000027014','3K3G83UC0P55S0G0Z','2025-01-14','2025-07-14','PUCGJ05002'),
  ('PUCC0000038993','BDYSJPEPPRYKAUKJT','2024-06-28','2024-12-28','PUCGJ06003'),
  ('PUCC0000048916','BMTDJ3HE7509G59RC','2026-03-17','2026-09-17','PUCGJ03004'),
  ('PUCC0000056289','5EFXKEJUX1V694GHP','2024-04-12','2024-10-12','PUCGJ18005'),
  ('PUCC0000067721','XT0K7EFFF4G0JDYH3','2026-02-17','2026-08-17','PUCMH01006'),
  ('PUCC0000074083','7RGZ0HUR4BUBMUWYZ','2025-02-11','2025-08-11','PUCMH12007'),
  ('PUCC0000083177','FP136YL0WXFDKLDFU','2025-04-27','2025-10-27','PUCMH31008'),
  ('PUCC0000097751','9HZ4HV8WCR2DAPWPJ','2025-01-28','2025-07-28','PUCMH15009'),
  ('PUCC0000101660','R9ZE2C4B6EX423VH2','2026-06-01','2026-12-01','PUCMH04010'),
  ('PUCC0000119948','2F2WYRYLE9H9NZZKS','2024-01-26','2024-07-26','PUCRJ14011'),
  ('PUCC0000125503','865XXK5E75WUDZ9EW','2026-06-15','2026-12-15','PUCRJ19012'),
  ('PUCC0000139975','F916C5NX79KD5GYF9','2025-05-25','2025-11-25','PUCRJ27013'),
  ('PUCC0000143055','0V13YDYEYG1VTKYFK','2024-01-25','2024-07-25','PUCRJ20014'),
  ('PUCC0000155102','1YJF490B0WMPY8NRJ','2025-05-17','2025-11-17','PUCRJ01015'),
  ('PUCC0000166149','LML5C30S5V5RSW7N0','2026-06-24','2026-12-24','PUCGJ01016'),
  ('PUCC0000177351','NJTD70GHVFLU59K4F','2024-04-07','2024-10-07','PUCGJ05017'),
  ('PUCC0000189177','F0RBXGYKJCV7J75AF','2024-06-27','2024-12-27','PUCGJ06018'),
  ('PUCC0000190808','S36EH8B9SKV4AZS3M','2026-02-16','2026-08-16','PUCGJ03019'),
  ('PUCC0000202922','0TBZEZSGYJCZYM67M','2026-04-17','2026-10-17','PUCGJ18020'),
  ('PUCC0000215866','XW927TCNVZDYUH042','2026-05-20','2026-11-20','PUCMH01021'),
  ('PUCC0000226547','UF4F4MVXGFXVW54L5','2026-02-09','2026-08-09','PUCMH12022'),
  ('PUCC0000238485','DE209LBK5CJES001C','2024-04-20','2024-10-20','PUCMH31023'),
  ('PUCC0000243394','2XUSHBM81HTT5PV8N','2026-06-07','2026-12-07','PUCMH15024'),
  ('PUCC0000252885','XZEVWLM09RHNJS8B0','2026-02-23','2026-08-23','PUCMH04025'),
  ('PUCC0000269968','3EJXE56ZJMJ49DHKW','2025-05-16','2025-11-16','PUCRJ14026'),
  ('PUCC0000271062','UJWF9LKLYCBFCTP3B','2025-01-17','2025-07-17','PUCRJ19027'),
  ('PUCC0000282442','EDL5376PYKXXZ2J09','2024-02-09','2024-08-09','PUCRJ27028'),
  ('PUCC0000298057','V13SLXXNL8968W8BF','2026-03-07','2026-09-07','PUCRJ20029'),
  ('PUCC0000303863','7VAG4JT020C2DN0VE','2026-06-18','2026-12-18','PUCRJ01030'),
  ('PUCC0000310666','Y0KN929CCCJY76K9J','2026-03-23','2026-09-23','PUCGJ01031'),
  ('PUCC0000320043','998W7B0YH3WB7TRD7','2026-03-18','2026-09-18','PUCGJ05032'),
  ('PUCC0000335989','HNB5X3K3P397DJPX7','2025-02-21','2025-08-21','PUCGJ06033'),
  ('PUCC0000347212','T7NSUWRWVP8X7ZUVH','2026-02-10','2026-08-10','PUCGJ03034'),
  ('PUCC0000356064','5T7PNUUJGSSDRRDG3','2026-05-04','2026-11-04','PUCGJ18035'),
  ('PUCC0000364057','77NVXVDFRCM3MC28M','2024-02-19','2024-08-19','PUCMH01036'),
  ('PUCC0000375909','8J96UNHYL6TMAYVNM','2024-01-05','2024-07-05','PUCMH12037'),
  ('PUCC0000389851','7XSAT1S5UYWAT0SDH','2025-04-26','2025-10-26','PUCMH31038'),
  ('PUCC0000392818','V0RRJ7K6037PSF50E','2025-05-08','2025-11-08','PUCMH15039'),
  ('PUCC0000401533','5HP8F95D6J936D6WB','2026-05-13','2026-11-13','PUCMH04040');

-- ------------------------------------------------------------
-- LICENSE (50, one per user) - status consistent with expiry
-- ------------------------------------------------------------
INSERT INTO license (license_no,user_id,issue_date,expiry_date,license_type,vehicle_class,issuing_rto_id,status) VALUES
  ('DLRJ200000000001','USR000000001','2018-06-10','2028-06-10','International','HGMV','RJ-20','Active'),
  ('DLRJ010000000002','USR000000002','2008-02-22','2023-02-22','International','MCWG','RJ-01','Expired'),
  ('DLGJ050000000003','USR000000003','2015-01-22','2030-01-22','International','Trans','GJ-05','Active'),
  ('DLGJ010000000004','USR000000004','2017-01-17','2032-01-17','International','HMV','GJ-01','Active'),
  ('DLRJ270000000005','USR000000005','2014-06-17','2019-06-17','Learner','MCWG','RJ-27','Expired'),
  ('DLRJ140000000006','USR000000006','2008-11-03','2018-11-03','Permanent','Trans','RJ-14','Expired'),
  ('DLRJ140000000007','USR000000007','2021-02-07','2041-02-07','Learner','LMV-NT','RJ-14','Active'),
  ('DLGJ010000000008','USR000000008','2022-12-11','2027-12-11','Learner','LMV','GJ-01','Active'),
  ('DLMH120000000009','USR000000009','2016-09-03','2026-09-03','Commercial','HMV','MH-12','Active'),
  ('DLGJ050000000010','USR000000010','2020-07-11','2025-07-11','International','LMV-NT','GJ-05','Expired'),
  ('DLRJ200000000011','USR000000011','2008-11-24','2013-11-24','Learner','LMV-NT','RJ-20','Expired'),
  ('DLRJ140000000012','USR000000012','2010-06-17','2015-06-17','Commercial','Trans','RJ-14','Expired'),
  ('DLMH120000000013','USR000000013','2017-10-03','2032-10-03','International','HMV','MH-12','Active'),
  ('DLMH120000000014','USR000000014','2008-08-06','2018-08-06','Permanent','LMV-NT','MH-12','Expired'),
  ('DLMH150000000015','USR000000015','2017-11-05','2032-11-05','Commercial','LMV','MH-15','Active'),
  ('DLMH150000000016','USR000000016','2012-02-02','2017-02-02','International','HGMV','MH-15','Expired'),
  ('DLRJ010000000017','USR000000017','2010-05-07','2025-05-07','Permanent','HMV','RJ-01','Expired'),
  ('DLRJ200000000018','USR000000018','2024-03-06','2034-03-06','Permanent','HGMV','RJ-20','Active'),
  ('DLMH150000000019','USR000000019','2011-03-22','2016-03-22','International','LMV-NT','MH-15','Expired'),
  ('DLGJ030000000020','USR000000020','2010-05-22','2015-05-22','Commercial','LMV','GJ-03','Expired'),
  ('DLGJ180000000021','USR000000021','2023-06-12','2033-06-12','Permanent','LMV','GJ-18','Active'),
  ('DLRJ140000000022','USR000000022','2014-06-16','2034-06-16','Commercial','HGMV','RJ-14','Active'),
  ('DLGJ060000000023','USR000000023','2012-10-19','2027-10-19','Commercial','HMV','GJ-06','Active'),
  ('DLMH010000000024','USR000000024','2015-04-23','2035-04-23','Commercial','Trans','MH-01','Active'),
  ('DLGJ180000000025','USR000000025','2018-08-15','2038-08-15','Commercial','Trans','GJ-18','Active'),
  ('DLRJ200000000026','USR000000026','2011-03-21','2016-03-21','Commercial','Trans','RJ-20','Expired'),
  ('DLGJ050000000027','USR000000027','2012-09-07','2027-09-07','Learner','LMV-NT','GJ-05','Suspended'),
  ('DLMH150000000028','USR000000028','2024-11-01','2044-11-01','Permanent','LMV','MH-15','Active'),
  ('DLGJ030000000029','USR000000029','2023-11-25','2033-11-25','Commercial','HMV','GJ-03','Suspended'),
  ('DLMH150000000030','USR000000030','2017-03-15','2022-03-15','International','MCWOG','MH-15','Expired'),
  ('DLGJ060000000031','USR000000031','2008-11-08','2018-11-08','Permanent','HMV','GJ-06','Expired'),
  ('DLGJ010000000032','USR000000032','2013-10-19','2023-10-19','International','MCWOG','GJ-01','Expired'),
  ('DLGJ030000000033','USR000000033','2015-08-08','2020-08-08','Commercial','MCWOG','GJ-03','Expired'),
  ('DLRJ010000000034','USR000000034','2009-11-07','2024-11-07','International','HMV','RJ-01','Expired'),
  ('DLMH150000000035','USR000000035','2022-01-02','2037-01-02','Learner','LMV-NT','MH-15','Active'),
  ('DLMH120000000036','USR000000036','2016-12-09','2026-12-09','International','LMV-NT','MH-12','Active'),
  ('DLMH120000000037','USR000000037','2010-09-09','2030-09-09','Permanent','HGMV','MH-12','Active'),
  ('DLRJ010000000038','USR000000038','2019-08-26','2039-08-26','Learner','HGMV','RJ-01','Active'),
  ('DLGJ060000000039','USR000000039','2013-04-03','2028-04-03','Permanent','MCWG','GJ-06','Active'),
  ('DLGJ050000000040','USR000000040','2011-11-08','2031-11-08','Commercial','LMV-NT','GJ-05','Active'),
  ('DLGJ030000000041','USR000000041','2023-08-07','2033-08-07','International','LMV','GJ-03','Active'),
  ('DLGJ060000000042','USR000000042','2013-03-21','2018-03-21','Permanent','LMV','GJ-06','Expired'),
  ('DLRJ190000000043','USR000000043','2016-03-17','2036-03-17','Learner','LMV-NT','RJ-19','Active'),
  ('DLMH310000000044','USR000000044','2017-02-07','2037-02-07','International','Trans','MH-31','Active'),
  ('DLRJ190000000045','USR000000045','2021-10-05','2031-10-05','Commercial','MCWG','RJ-19','Active'),
  ('DLMH120000000046','USR000000046','2022-10-19','2027-10-19','Permanent','HMV','MH-12','Active'),
  ('DLGJ050000000047','USR000000047','2008-04-17','2028-04-17','Permanent','HGMV','GJ-05','Active'),
  ('DLRJ140000000048','USR000000048','2009-09-17','2014-09-17','Learner','HMV','RJ-14','Expired'),
  ('DLMH120000000049','USR000000049','2012-10-18','2017-10-18','International','HGMV','MH-12','Expired'),
  ('DLMH310000000050','USR000000050','2019-01-23','2039-01-23','Permanent','Trans','MH-31','Active');

-- ------------------------------------------------------------
-- PERMIT (30)
-- ------------------------------------------------------------
INSERT INTO permit (permit_id,vehicle_id,permit_type,issuing_rto_id,issue_date,expiry_date,max_load_capacity,max_passengers) VALUES
  (1,'XZEVWLM09RHNJS8B0','Contract Carriage Permit','RJ-20','2025-12-25','2030-12-25',0.0,7),
  (2,'8J96UNHYL6TMAYVNM','Goods Carrier National Permit','MH-31','2024-03-09','2029-03-09',18000.0,0),
  (3,'1YJF490B0WMPY8NRJ','Maxicab Permit','RJ-01','2021-05-20','2026-05-20',0.0,12),
  (4,'5T7PNUUJGSSDRRDG3','Stage Carriage Permit','RJ-19','2023-04-01','2028-04-01',0.0,52),
  (5,'T10GR7BXRE6W3HJCC','Tourist Permit','GJ-01','2025-02-17','2030-02-17',0.0,12),
  (6,'XZEVWLM09RHNJS8B0','Goods Local Permit','MH-01','2022-12-26','2027-12-26',3500.0,0),
  (7,'UJWF9LKLYCBFCTP3B','Contract Carriage Permit','RJ-14','2021-03-14','2026-03-14',0.0,7),
  (8,'7XSAT1S5UYWAT0SDH','Contract Carriage Permit','MH-04','2023-09-14','2028-09-14',0.0,7),
  (9,'2XUSHBM81HTT5PV8N','Tourist Permit','RJ-27','2023-11-13','2028-11-13',0.0,12),
  (10,'0V13YDYEYG1VTKYFK','Stage Carriage Permit','GJ-06','2025-09-16','2030-09-16',0.0,52),
  (11,'2XUSHBM81HTT5PV8N','Tourist Permit','GJ-18','2025-08-09','2030-08-09',0.0,12),
  (12,'8J96UNHYL6TMAYVNM','Contract Carriage Permit','RJ-20','2024-12-05','2029-12-05',0.0,7),
  (13,'FP136YL0WXFDKLDFU','Goods Local Permit','RJ-19','2022-08-26','2027-08-26',3500.0,0),
  (14,'2F2WYRYLE9H9NZZKS','Goods Carrier National Permit','RJ-27','2022-09-13','2027-09-13',18000.0,0),
  (15,'UF4F4MVXGFXVW54L5','Maxicab Permit','RJ-14','2025-10-23','2030-10-23',0.0,12),
  (16,'BMTDJ3HE7509G59RC','Goods Carrier State Permit','RJ-27','2024-11-01','2029-11-01',12000.0,0),
  (17,'XT0K7EFFF4G0JDYH3','Maxicab Permit','MH-12','2022-08-20','2027-08-20',0.0,12),
  (18,'XT0K7EFFF4G0JDYH3','Goods Carrier National Permit','GJ-05','2023-04-12','2028-04-12',18000.0,0),
  (19,'V0RRJ7K6037PSF50E','Goods Carrier National Permit','RJ-14','2024-07-20','2029-07-20',18000.0,0),
  (20,'T7NSUWRWVP8X7ZUVH','Contract Carriage Permit','RJ-20','2025-01-25','2030-01-25',0.0,7),
  (21,'865XXK5E75WUDZ9EW','Goods Local Permit','GJ-03','2024-08-01','2029-08-01',3500.0,0),
  (22,'T7NSUWRWVP8X7ZUVH','Contract Carriage Permit','MH-04','2022-01-26','2027-01-26',0.0,7),
  (23,'HNB5X3K3P397DJPX7','Tourist Permit','RJ-14','2022-10-06','2027-10-06',0.0,12),
  (24,'BDYSJPEPPRYKAUKJT','Contract Carriage Permit','GJ-06','2022-11-01','2027-11-01',0.0,7),
  (25,'XT0K7EFFF4G0JDYH3','Contract Carriage Permit','MH-12','2024-06-22','2029-06-22',0.0,7),
  (26,'3EJXE56ZJMJ49DHKW','Tourist Permit','RJ-19','2022-09-01','2027-09-01',0.0,12),
  (27,'5EFXKEJUX1V694GHP','Goods Carrier National Permit','RJ-20','2025-05-24','2030-05-24',18000.0,0),
  (28,'77NVXVDFRCM3MC28M','Tourist Permit','GJ-18','2023-06-27','2028-06-27',0.0,12),
  (29,'1YJF490B0WMPY8NRJ','Tourist Permit','MH-04','2022-08-13','2027-08-13',0.0,12),
  (30,'T10GR7BXRE6W3HJCC','Contract Carriage Permit','GJ-05','2022-07-17','2027-07-17',0.0,7);

-- ------------------------------------------------------------
-- PERMIT ROUTES (60): 2 distinct routes per permit
-- ------------------------------------------------------------
INSERT INTO permit_route (permit_id,authorized_route) VALUES
  (1,'Bikaner - Vadodara'),
  (1,'Ajmer - Nashik'),
  (2,'Thane - Rajkot'),
  (2,'Ajmer - Nagpur'),
  (3,'Udaipur - Jaipur'),
  (3,'Bikaner - Nagpur'),
  (4,'Kota - Pune'),
  (4,'Thane - Udaipur'),
  (5,'Udaipur - Ahmedabad'),
  (5,'Kota - Rajkot'),
  (6,'Jaipur - Pune'),
  (6,'Nagpur - Vadodara'),
  (7,'Jodhpur - Aurangabad'),
  (7,'Pune - Thane'),
  (8,'Nagpur - Pune'),
  (8,'Ajmer - Ahmedabad'),
  (9,'Jaipur - Thane'),
  (9,'Nashik - Vadodara'),
  (10,'Kota - Thane'),
  (10,'Vadodara - Bhavnagar'),
  (11,'Nagpur - Bhavnagar'),
  (11,'Aurangabad - Mumbai'),
  (12,'Mumbai - Pune'),
  (12,'Mumbai - Kota'),
  (13,'Pune - Nagpur'),
  (13,'Mumbai - Pune'),
  (14,'Aurangabad - Gandhinagar'),
  (14,'Mumbai - Pune'),
  (15,'Rajkot - Bikaner'),
  (15,'Vadodara - Kota'),
  (16,'Ahmedabad - Surat'),
  (16,'Kota - Aurangabad'),
  (17,'Nagpur - Kota'),
  (17,'Thane - Kota'),
  (18,'Nagpur - Jaipur'),
  (18,'Bhavnagar - Ajmer'),
  (19,'Pune - Gandhinagar'),
  (19,'Surat - Ajmer'),
  (20,'Bikaner - Surat'),
  (20,'Jodhpur - Kota'),
  (21,'Ajmer - Aurangabad'),
  (21,'Jaipur - Bhavnagar'),
  (22,'Udaipur - Rajkot'),
  (22,'Ajmer - Udaipur'),
  (23,'Thane - Ahmedabad'),
  (23,'Ahmedabad - Mumbai'),
  (24,'Jaipur - Rajkot'),
  (24,'Thane - Aurangabad'),
  (25,'Bikaner - Nagpur'),
  (25,'Nagpur - Bhavnagar'),
  (26,'Pune - Nagpur'),
  (26,'Kota - Thane'),
  (27,'Kota - Jodhpur'),
  (27,'Aurangabad - Bhavnagar'),
  (28,'Mumbai - Jodhpur'),
  (28,'Aurangabad - Bikaner'),
  (29,'Jaipur - Nagpur'),
  (29,'Udaipur - Bhavnagar'),
  (30,'Rajkot - Nagpur'),
  (30,'Gandhinagar - Pune');

-- ------------------------------------------------------------
-- VEHICLE LOG (30): all status types represented
-- ------------------------------------------------------------
INSERT INTO vehicle_log (status_id,vehicle_id,vehicle_status,start_date,end_date) VALUES
  (1,'LML5C30S5V5RSW7N0','Stolen','2025-11-04',NULL),
  (2,'77NVXVDFRCM3MC28M','Lost','2024-05-12','2024-08-12'),
  (3,'EDL5376PYKXXZ2J09','Under_Repair','2024-01-14','2024-02-14'),
  (4,'XZEVWLM09RHNJS8B0','Seized_by_police','2024-11-20','2025-01-20'),
  (5,'F916C5NX79KD5GYF9','Scrapped','2023-05-12','2023-11-12'),
  (6,'R9ZE2C4B6EX423VH2','Stolen','2025-02-13',NULL),
  (7,'5T7PNUUJGSSDRRDG3','Lost','2025-11-05',NULL),
  (8,'Y0KN929CCCJY76K9J','Under_Repair','2024-07-21','2025-01-21'),
  (9,'T10GR7BXRE6W3HJCC','Seized_by_police','2022-02-06','2022-05-06'),
  (10,'XT0K7EFFF4G0JDYH3','Scrapped','2023-06-11',NULL),
  (11,'0V13YDYEYG1VTKYFK','Under_Repair','2025-05-15','2025-08-15'),
  (12,'5HP8F95D6J936D6WB','Scrapped','2025-07-06','2025-08-06'),
  (13,'5EFXKEJUX1V694GHP','Lost','2023-11-09',NULL),
  (14,'XW927TCNVZDYUH042','Stolen','2023-03-13','2023-04-13'),
  (15,'NJTD70GHVFLU59K4F','Seized_by_police','2022-01-25','2022-07-25'),
  (16,'F0RBXGYKJCV7J75AF','Scrapped','2022-02-09',NULL),
  (17,'2XUSHBM81HTT5PV8N','Stolen','2025-05-08','2025-08-08'),
  (18,'2F2WYRYLE9H9NZZKS','Seized_by_police','2023-03-17','2023-05-17'),
  (19,'V13SLXXNL8968W8BF','Stolen','2022-11-12',NULL),
  (20,'T7NSUWRWVP8X7ZUVH','Under_Repair','2025-08-18','2025-11-18'),
  (21,'9HZ4HV8WCR2DAPWPJ','Scrapped','2025-03-23',NULL),
  (22,'8J96UNHYL6TMAYVNM','Scrapped','2025-11-24',NULL),
  (23,'3K3G83UC0P55S0G0Z','Scrapped','2025-09-21',NULL),
  (24,'V0RRJ7K6037PSF50E','Under_Repair','2024-08-18','2024-10-18'),
  (25,'BMTDJ3HE7509G59RC','Stolen','2025-05-12',NULL),
  (26,'865XXK5E75WUDZ9EW','Lost','2024-01-01',NULL),
  (27,'BDYSJPEPPRYKAUKJT','Lost','2024-05-16',NULL),
  (28,'998W7B0YH3WB7TRD7','Seized_by_police','2025-05-01','2025-11-01'),
  (29,'UF4F4MVXGFXVW54L5','Under_Repair','2023-01-18','2023-04-18'),
  (30,'7XSAT1S5UYWAT0SDH','Lost','2025-09-14','2025-11-14');

-- ------------------------------------------------------------
-- CHALLAN (80): ~40 paid (ref unique challan-purpose tx), rest unpaid
-- ------------------------------------------------------------
INSERT INTO challan (challan_id,vehicle_id,issuing_officer_id,amount,reason,challan_date,location,is_paid,wallet_transaction_id) VALUES
  (1,'T10GR7BXRE6W3HJCC',8,500,'No Helmet','2024-08-07','Tonk Road, Jaipur',true,39),
  (2,'UJWF9LKLYCBFCTP3B',10,2000,'Drunk Driving','2025-12-26','MG Road, Ahmedabad',true,29),
  (3,'UF4F4MVXGFXVW54L5',3,200,'Signal Jumping','2025-07-03','CG Road, Ahmedabad',true,22),
  (4,'Y0KN929CCCJY76K9J',6,1500,'Wrong Parking','2025-01-04','Western Express Hwy, Mumbai',true,2),
  (5,'XZEVWLM09RHNJS8B0',25,1000,'Drunk Driving','2026-01-07','Ashram Road, Ahmedabad',true,35),
  (6,'7RGZ0HUR4BUBMUWYZ',17,3000,'Wrong Parking','2025-11-10','Tonk Road, Jaipur',true,8),
  (7,'2F2WYRYLE9H9NZZKS',21,5000,'Overspeeding','2026-02-09','Ashram Road, Ahmedabad',true,31),
  (8,'0TBZEZSGYJCZYM67M',7,200,'Invalid Documents','2026-04-04','Western Express Hwy, Mumbai',true,12),
  (9,'EDL5376PYKXXZ2J09',11,500,'Overspeeding','2025-10-04','NH-48 Toll Plaza',true,11),
  (10,'LML5C30S5V5RSW7N0',1,3000,'Overspeeding','2026-10-05','Tonk Road, Jaipur',true,37),
  (11,'XT0K7EFFF4G0JDYH3',8,3000,'Signal Jumping','2024-11-20','Tonk Road, Jaipur',true,13),
  (12,'BMTDJ3HE7509G59RC',2,500,'Invalid Documents','2026-09-26','SG Highway, Ahmedabad',true,30),
  (13,'9HZ4HV8WCR2DAPWPJ',16,2000,'Wrong Parking','2026-11-25','Tonk Road, Jaipur',true,1),
  (14,'V13SLXXNL8968W8BF',24,200,'Wrong Parking','2026-07-12','Ring Road, Surat',true,23),
  (15,'NJTD70GHVFLU59K4F',29,3000,'Overspeeding','2026-08-18','FC Road, Pune',true,20),
  (16,'5T7PNUUJGSSDRRDG3',23,1000,'Drunk Driving','2026-03-18','Tonk Road, Jaipur',true,34),
  (17,'XW927TCNVZDYUH042',24,1500,'Drunk Driving','2026-09-06','SG Highway, Ahmedabad',true,27),
  (18,'T7NSUWRWVP8X7ZUVH',5,1500,'Drunk Driving','2025-09-12','Ashram Road, Ahmedabad',true,32),
  (19,'T10GR7BXRE6W3HJCC',25,2500,'Using Mobile While Driving','2026-03-01','Sardar Patel Ring Road',true,38),
  (20,'2XUSHBM81HTT5PV8N',25,1000,'No Seatbelt','2025-12-03','CG Road, Ahmedabad',true,4),
  (21,'XZEVWLM09RHNJS8B0',7,3000,'Using Mobile While Driving','2026-03-20','FC Road, Pune',true,10),
  (22,'XW927TCNVZDYUH042',14,300,'Invalid Documents','2024-09-22','SG Highway, Ahmedabad',true,5),
  (23,'BDYSJPEPPRYKAUKJT',27,500,'Signal Jumping','2024-04-04','Ashram Road, Ahmedabad',true,36),
  (24,'F916C5NX79KD5GYF9',4,2500,'Overspeeding','2026-08-17','Sardar Patel Ring Road',true,3),
  (25,'7XSAT1S5UYWAT0SDH',9,2000,'Overspeeding','2024-10-23','SG Highway, Ahmedabad',true,7),
  (26,'T10GR7BXRE6W3HJCC',30,3000,'Wrong Parking','2024-08-26','MG Road, Ahmedabad',true,14),
  (27,'2XUSHBM81HTT5PV8N',18,2000,'Triple Riding','2026-01-27','Sardar Patel Ring Road',true,9),
  (28,'F0RBXGYKJCV7J75AF',17,300,'Overspeeding','2025-02-07','CG Road, Ahmedabad',true,26),
  (29,'7RGZ0HUR4BUBMUWYZ',4,5000,'Wrong Parking','2025-04-07','CG Road, Ahmedabad',true,33),
  (30,'LML5C30S5V5RSW7N0',19,5000,'Signal Jumping','2026-09-14','SG Highway, Ahmedabad',true,24),
  (31,'8J96UNHYL6TMAYVNM',12,2500,'Drunk Driving','2024-03-26','Ring Road, Surat',true,21),
  (32,'77NVXVDFRCM3MC28M',13,2000,'Using Mobile While Driving','2026-03-18','Sardar Patel Ring Road',true,19),
  (33,'V13SLXXNL8968W8BF',30,2000,'Invalid Documents','2026-06-28','Tonk Road, Jaipur',true,18),
  (34,'UJWF9LKLYCBFCTP3B',25,2000,'Triple Riding','2026-04-19','CG Road, Ahmedabad',true,16),
  (35,'0V13YDYEYG1VTKYFK',13,1500,'Using Mobile While Driving','2025-08-15','NH-48 Toll Plaza',true,28),
  (36,'T10GR7BXRE6W3HJCC',24,1500,'Overspeeding','2026-01-17','Ring Road, Surat',true,6),
  (37,'0TBZEZSGYJCZYM67M',1,1000,'Dangerous Driving','2024-06-01','FC Road, Pune',true,17),
  (38,'77NVXVDFRCM3MC28M',17,500,'Using Mobile While Driving','2024-01-15','Tonk Road, Jaipur',true,15),
  (39,'R9ZE2C4B6EX423VH2',5,2000,'Dangerous Driving','2026-04-08','FC Road, Pune',true,40),
  (40,'0TBZEZSGYJCZYM67M',3,2500,'No Seatbelt','2026-04-24','SG Highway, Ahmedabad',true,25),
  (41,'XW927TCNVZDYUH042',26,500,'Drunk Driving','2025-12-23','Sardar Patel Ring Road',false,NULL),
  (42,'7RGZ0HUR4BUBMUWYZ',20,200,'Dangerous Driving','2026-10-13','SG Highway, Ahmedabad',false,NULL),
  (43,'BMTDJ3HE7509G59RC',30,2000,'Invalid Documents','2025-07-28','SG Highway, Ahmedabad',false,NULL),
  (44,'1YJF490B0WMPY8NRJ',24,200,'No Seatbelt','2026-11-13','MG Road, Ahmedabad',false,NULL),
  (45,'0TBZEZSGYJCZYM67M',17,2000,'Overspeeding','2026-10-05','Tonk Road, Jaipur',false,NULL),
  (46,'HNB5X3K3P397DJPX7',23,500,'Wrong Parking','2024-11-24','NH-48 Toll Plaza',false,NULL),
  (47,'V13SLXXNL8968W8BF',25,5000,'No Seatbelt','2024-04-14','FC Road, Pune',false,NULL),
  (48,'3EJXE56ZJMJ49DHKW',5,2000,'Signal Jumping','2024-08-19','MG Road, Ahmedabad',false,NULL),
  (49,'77NVXVDFRCM3MC28M',13,300,'Dangerous Driving','2025-09-14','Ring Road, Surat',false,NULL),
  (50,'9HZ4HV8WCR2DAPWPJ',16,1000,'Using Mobile While Driving','2025-07-21','Sardar Patel Ring Road',false,NULL),
  (51,'F916C5NX79KD5GYF9',18,5000,'No Seatbelt','2024-04-03','FC Road, Pune',false,NULL),
  (52,'EDL5376PYKXXZ2J09',11,300,'No Seatbelt','2024-11-14','NH-48 Toll Plaza',false,NULL),
  (53,'2XUSHBM81HTT5PV8N',12,2000,'Wrong Parking','2025-10-21','MG Road, Ahmedabad',false,NULL),
  (54,'0TBZEZSGYJCZYM67M',6,3000,'Invalid Documents','2026-03-15','MG Road, Ahmedabad',false,NULL),
  (55,'1YJF490B0WMPY8NRJ',7,500,'Invalid Documents','2026-02-04','MG Road, Ahmedabad',false,NULL),
  (56,'LML5C30S5V5RSW7N0',20,1500,'Signal Jumping','2024-06-23','SG Highway, Ahmedabad',false,NULL),
  (57,'0TBZEZSGYJCZYM67M',15,200,'Drunk Driving','2025-04-24','CG Road, Ahmedabad',false,NULL),
  (58,'0V13YDYEYG1VTKYFK',7,5000,'Using Mobile While Driving','2025-09-16','Sardar Patel Ring Road',false,NULL),
  (59,'R9ZE2C4B6EX423VH2',23,2500,'Overspeeding','2026-11-17','MG Road, Ahmedabad',false,NULL),
  (60,'NJTD70GHVFLU59K4F',6,1500,'Overspeeding','2024-12-20','FC Road, Pune',false,NULL),
  (61,'BMTDJ3HE7509G59RC',15,300,'Overspeeding','2025-11-09','Tonk Road, Jaipur',false,NULL),
  (62,'7RGZ0HUR4BUBMUWYZ',1,2500,'Dangerous Driving','2024-07-17','SG Highway, Ahmedabad',false,NULL),
  (63,'XW927TCNVZDYUH042',16,5000,'No Seatbelt','2024-03-07','CG Road, Ahmedabad',false,NULL),
  (64,'7VAG4JT020C2DN0VE',18,200,'Overspeeding','2024-09-10','Tonk Road, Jaipur',false,NULL),
  (65,'998W7B0YH3WB7TRD7',13,200,'Signal Jumping','2025-11-12','Tonk Road, Jaipur',false,NULL),
  (66,'0TBZEZSGYJCZYM67M',8,1500,'Using Mobile While Driving','2024-11-09','NH-48 Toll Plaza',false,NULL),
  (67,'3K3G83UC0P55S0G0Z',18,1000,'Dangerous Driving','2024-06-13','Ring Road, Surat',false,NULL),
  (68,'XT0K7EFFF4G0JDYH3',24,5000,'Triple Riding','2026-10-28','Western Express Hwy, Mumbai',false,NULL),
  (69,'UJWF9LKLYCBFCTP3B',8,500,'No Seatbelt','2025-05-20','Tonk Road, Jaipur',false,NULL),
  (70,'V13SLXXNL8968W8BF',18,1000,'Signal Jumping','2026-03-19','CG Road, Ahmedabad',false,NULL),
  (71,'F916C5NX79KD5GYF9',28,1500,'Signal Jumping','2026-12-17','Ring Road, Surat',false,NULL),
  (72,'EDL5376PYKXXZ2J09',30,500,'Signal Jumping','2025-02-18','CG Road, Ahmedabad',false,NULL),
  (73,'FP136YL0WXFDKLDFU',6,500,'Invalid Documents','2026-01-25','Tonk Road, Jaipur',false,NULL),
  (74,'UJWF9LKLYCBFCTP3B',14,3000,'Dangerous Driving','2026-11-24','FC Road, Pune',false,NULL),
  (75,'R9ZE2C4B6EX423VH2',25,300,'Wrong Parking','2024-03-01','Sardar Patel Ring Road',false,NULL),
  (76,'5HP8F95D6J936D6WB',9,1000,'No Seatbelt','2026-04-08','MG Road, Ahmedabad',false,NULL),
  (77,'DE209LBK5CJES001C',3,500,'Drunk Driving','2026-10-16','Tonk Road, Jaipur',false,NULL),
  (78,'865XXK5E75WUDZ9EW',28,3000,'Triple Riding','2025-03-06','Western Express Hwy, Mumbai',false,NULL),
  (79,'1YJF490B0WMPY8NRJ',2,200,'Triple Riding','2025-07-08','Western Express Hwy, Mumbai',false,NULL),
  (80,'0V13YDYEYG1VTKYFK',3,3000,'Signal Jumping','2026-08-23','Tonk Road, Jaipur',false,NULL);

-- ------------------------------------------------------------
-- SEQUENCE SYNC for serial PKs
-- ------------------------------------------------------------
SELECT setval('officer_officer_id_seq',30,true);
SELECT setval('e_wallet_wallet_id_seq',50,true);
SELECT setval('wallet_transaction_transaction_id_seq',100,true);
SELECT setval('ownership_ownership_id_seq',(SELECT max(ownership_id) FROM ownership),true);
SELECT setval('permit_permit_id_seq',30,true);
SELECT setval('vehicle_log_status_id_seq',30,true);
SELECT setval('challan_challan_id_seq',80,true);
